Name,Description,ISE ID,Parent Group
SAMPGUserGroup12,Imported Scale User Group 12,b6330790-75da-11eb-976b-427fae7e634f,NAC Group:NAC:IdentityGroups:User Identity Groups
SAMPGUserGroup136,Imported Scale User Group 136,b6ab6be0-75da-11eb-976b-427fae7e634f,NAC Group:NAC:IdentityGroups:User Identity Groups
SAMPGUserGroup102,Imported Scale User Group 102,b5b5e850-75da-11eb-976b-427fae7e634f,NAC Group:NAC:IdentityGroups:User Identity Groups
SAMPGUserGroup113,Imported Scale User Group 113,b6062b30-75da-11eb-976b-427fae7e634f,NAC Group:NAC:IdentityGroups:User Identity Groups
SAMPGUserGroup122,Imported Scale User Group 122,b645f350-75da-11eb-976b-427fae7e634f,NAC Group:NAC:IdentityGroups:User Identity Groups
SAMPGUserGroup151,Imported Scale User Group 151,b715ed80-75da-11eb-976b-427fae7e634f,NAC Group:NAC:IdentityGroups:User Identity Groups
SAMPGUserGroup118,Imported Scale User Group 118,b6260f40-75da-11eb-976b-427fae7e634f,NAC Group:NAC:IdentityGroups:User Identity Groups
SAMPGUserGroup100,Imported Scale User Group 100,b5a45c20-75da-11eb-976b-427fae7e634f,NAC Group:NAC:IdentityGroups:User Identity Groups
SAMPGUserGroup152,Imported Scale User Group 152,b71bb9e0-75da-11eb-976b-427fae7e634f,NAC Group:NAC:IdentityGroups:User Identity Groups
SAMPGUserGroup107,Imported Scale User Group 107,b5d4e200-75da-11eb-976b-427fae7e634f,NAC Group:NAC:IdentityGroups:User Identity Groups
SAMPGUserGroup130,Imported Scale User Group 130,b67f2bc0-75da-11eb-976b-427fae7e634f,NAC Group:NAC:IdentityGroups:User Identity Groups
SAMPGUserGroup172,Imported Scale User Group 172,b79e0940-75da-11eb-976b-427fae7e634f,NAC Group:NAC:IdentityGroups:User Identity Groups
SAMPGUserGroup120,Imported Scale User Group 120,b639be50-75da-11eb-976b-427fae7e634f,NAC Group:NAC:IdentityGroups:User Identity Groups
SAMPGUserGroup139,Imported Scale User Group 139,b6bd9450-75da-11eb-976b-427fae7e634f,NAC Group:NAC:IdentityGroups:User Identity Groups
SAMPGUserGroup157,Imported Scale User Group 157,b73905e0-75da-11eb-976b-427fae7e634f,NAC Group:NAC:IdentityGroups:User Identity Groups
SAMPGUserGroup15,Imported Scale User Group 15,b70858f0-75da-11eb-976b-427fae7e634f,NAC Group:NAC:IdentityGroups:User Identity Groups
SAMPGUserGroup106,Imported Scale User Group 106,b5cec780-75da-11eb-976b-427fae7e634f,NAC Group:NAC:IdentityGroups:User Identity Groups
SAMPGUserGroup170,Imported Scale User Group 170,b791ad30-75da-11eb-976b-427fae7e634f,NAC Group:NAC:IdentityGroups:User Identity Groups
SAMPGUserGroup117,Imported Scale User Group 117,b61fa6a0-75da-11eb-976b-427fae7e634f,NAC Group:NAC:IdentityGroups:User Identity Groups
SAMPGUserGroup109,Imported Scale User Group 109,b5e49970-75da-11eb-976b-427fae7e634f,NAC Group:NAC:IdentityGroups:User Identity Groups
SAMPGUserGroup11,Imported Scale User Group 11,b5ec3a90-75da-11eb-976b-427fae7e634f,NAC Group:NAC:IdentityGroups:User Identity Groups
SAMPGUserGroup114,Imported Scale User Group 114,b60dcc50-75da-11eb-976b-427fae7e634f,NAC Group:NAC:IdentityGroups:User Identity Groups
SAMPGUserGroup177,Imported Scale User Group 177,b7be6280-75da-11eb-976b-427fae7e634f,NAC Group:NAC:IdentityGroups:User Identity Groups
OWN_ACCOUNTS (default),Default OWN_ACCOUNTS (default) User Group,a19d5f00-8c01-11e6-996c-525400b48521,NAC Group:NAC:IdentityGroups:User Identity Groups
SAMPGUserGroup166,Imported Scale User Group 166,b7741310-75da-11eb-976b-427fae7e634f,NAC Group:NAC:IdentityGroups:User Identity Groups
SAMPGUserGroup103,Imported Scale User Group 103,b5bc7800-75da-11eb-976b-427fae7e634f,NAC Group:NAC:IdentityGroups:User Identity Groups
SAMPGUserGroup135,Imported Scale User Group 135,b6a180d0-75da-11eb-976b-427fae7e634f,NAC Group:NAC:IdentityGroups:User Identity Groups
SAMPGUserGroup110,Imported Scale User Group 110,b5f2ca40-75da-11eb-976b-427fae7e634f,NAC Group:NAC:IdentityGroups:User Identity Groups
SAMPGUserGroup17,Imported Scale User Group 17,b78b92b0-75da-11eb-976b-427fae7e634f,NAC Group:NAC:IdentityGroups:User Identity Groups
SAMPGUserGroup174,Imported Scale User Group 174,b7ab0190-75da-11eb-976b-427fae7e634f,NAC Group:NAC:IdentityGroups:User Identity Groups
SAMPGUserGroup123,Imported Scale User Group 123,b64be6c0-75da-11eb-976b-427fae7e634f,NAC Group:NAC:IdentityGroups:User Identity Groups
ALL_ACCOUNTS (default),Default ALL_ACCOUNTS (default) User Group,a176c430-8c01-11e6-996c-525400b48521,NAC Group:NAC:IdentityGroups:User Identity Groups
SAMPGUserGroup165,Imported Scale User Group 165,b76e94d0-75da-11eb-976b-427fae7e634f,NAC Group:NAC:IdentityGroups:User Identity Groups
SAMPGUserGroup141,Imported Scale User Group 141,b6cfbcc0-75da-11eb-976b-427fae7e634f,NAC Group:NAC:IdentityGroups:User Identity Groups
SAMPGUserGroup1000,Imported Scale User Group 1000,b5aa2880-75da-11eb-976b-427fae7e634f,NAC Group:NAC:IdentityGroups:User Identity Groups
SAMPGUserGroup176,Imported Scale User Group 176,b7b7d2d0-75da-11eb-976b-427fae7e634f,NAC Group:NAC:IdentityGroups:User Identity Groups
SAMPGUserGroup1,Imported Scale User Group 1,b5980010-75da-11eb-976b-427fae7e634f,NAC Group:NAC:IdentityGroups:User Identity Groups
SAMPGUserGroup126,Imported Scale User Group 126,b65fe3f0-75da-11eb-976b-427fae7e634f,NAC Group:NAC:IdentityGroups:User Identity Groups
SAMPGUserGroup168,Imported Scale User Group 168,b77f5db0-75da-11eb-976b-427fae7e634f,NAC Group:NAC:IdentityGroups:User Identity Groups
SAMPGUserGroup146,Imported Scale User Group 146,b6edcc10-75da-11eb-976b-427fae7e634f,NAC Group:NAC:IdentityGroups:User Identity Groups
SAMPGUserGroup137,Imported Scale User Group 137,b6b15f50-75da-11eb-976b-427fae7e634f,NAC Group:NAC:IdentityGroups:User Identity Groups
SAMPGUserGroup147,Imported Scale User Group 147,b6f32340-75da-11eb-976b-427fae7e634f,NAC Group:NAC:IdentityGroups:User Identity Groups
SAMPGUserGroup163,Imported Scale User Group 163,b7614e60-75da-11eb-976b-427fae7e634f,NAC Group:NAC:IdentityGroups:User Identity Groups
GuestType_Weekly (default),Identity group mirroring the guest type ,9efe2310-8c01-11e6-996c-525400b48521,NAC Group:NAC:IdentityGroups:User Identity Groups
SAMPGUserGroup161,Imported Scale User Group 161,b754a430-75da-11eb-976b-427fae7e634f,NAC Group:NAC:IdentityGroups:User Identity Groups
SAMPGUserGroup16,Imported Scale User Group 16,b7495990-75da-11eb-976b-427fae7e634f,NAC Group:NAC:IdentityGroups:User Identity Groups
SAMPGUserGroup115,Imported Scale User Group 115,b613bfc0-75da-11eb-976b-427fae7e634f,NAC Group:NAC:IdentityGroups:User Identity Groups
SAMPGUserGroup13,Imported Scale User Group 13,b6789c10-75da-11eb-976b-427fae7e634f,NAC Group:NAC:IdentityGroups:User Identity Groups
SAMPGUserGroup164,Imported Scale User Group 164,b766f3b0-75da-11eb-976b-427fae7e634f,NAC Group:NAC:IdentityGroups:User Identity Groups
SAMPGUserGroup155,Imported Scale User Group 155,b72d4610-75da-11eb-976b-427fae7e634f,NAC Group:NAC:IdentityGroups:User Identity Groups
SAMPGUserGroup138,Imported Scale User Group 138,b6b72bb0-75da-11eb-976b-427fae7e634f,NAC Group:NAC:IdentityGroups:User Identity Groups
SAMPGUserGroup167,Imported Scale User Group 167,b779b860-75da-11eb-976b-427fae7e634f,NAC Group:NAC:IdentityGroups:User Identity Groups
GROUP_ACCOUNTS (default),Default GROUP_ACCOUNTS (default) User Group,a1bb2030-8c01-11e6-996c-525400b48521,NAC Group:NAC:IdentityGroups:User Identity Groups
SAMPGUserGroup179,Imported Scale User Group 179,b7cae5a0-75da-11eb-976b-427fae7e634f,NAC Group:NAC:IdentityGroups:User Identity Groups
SAMPGUserGroup169,Imported Scale User Group 169,b7852a10-75da-11eb-976b-427fae7e634f,NAC Group:NAC:IdentityGroups:User Identity Groups
SAMPGUserGroup159,Imported Scale User Group 159,b7440260-75da-11eb-976b-427fae7e634f,NAC Group:NAC:IdentityGroups:User Identity Groups
SAMPGUserGroup173,Imported Scale User Group 173,b7a3d5a0-75da-11eb-976b-427fae7e634f,NAC Group:NAC:IdentityGroups:User Identity Groups
SAMPGUserGroup148,Imported Scale User Group 148,b6f964d0-75da-11eb-976b-427fae7e634f,NAC Group:NAC:IdentityGroups:User Identity Groups
SAMPGUserGroup133,Imported Scale User Group 133,b6935000-75da-11eb-976b-427fae7e634f,NAC Group:NAC:IdentityGroups:User Identity Groups
SAMPGUserGroup154,Imported Scale User Group 154,b7270480-75da-11eb-976b-427fae7e634f,NAC Group:NAC:IdentityGroups:User Identity Groups
SAMPGUserGroup111,Imported Scale User Group 111,b5f90bd0-75da-11eb-976b-427fae7e634f,NAC Group:NAC:IdentityGroups:User Identity Groups
SAMPGUserGroup144,Imported Scale User Group 144,b6e2a880-75da-11eb-976b-427fae7e634f,NAC Group:NAC:IdentityGroups:User Identity Groups
SAMPGUserGroup132,Imported Scale User Group 132,b68d5c90-75da-11eb-976b-427fae7e634f,NAC Group:NAC:IdentityGroups:User Identity Groups
SAMPGUserGroup124,Imported Scale User Group 124,b65360d0-75da-11eb-976b-427fae7e634f,NAC Group:NAC:IdentityGroups:User Identity Groups
SAMPGUserGroup127,Imported Scale User Group 127,b6664c90-75da-11eb-976b-427fae7e634f,NAC Group:NAC:IdentityGroups:User Identity Groups
SAMPGUserGroup131,Imported Scale User Group 131,b685bb70-75da-11eb-976b-427fae7e634f,NAC Group:NAC:IdentityGroups:User Identity Groups
SAMPGUserGroup18,Imported Scale User Group 18,b7d34a10-75da-11eb-976b-427fae7e634f,NAC Group:NAC:IdentityGroups:User Identity Groups
SAMPGUserGroup119,Imported Scale User Group 119,b62c9ef0-75da-11eb-976b-427fae7e634f,NAC Group:NAC:IdentityGroups:User Identity Groups
SAMPGUserGroup145,Imported Scale User Group 145,b6e826c0-75da-11eb-976b-427fae7e634f,NAC Group:NAC:IdentityGroups:User Identity Groups
SAMPGUserGroup101,Imported Scale User Group 101,b5b01bf0-75da-11eb-976b-427fae7e634f,NAC Group:NAC:IdentityGroups:User Identity Groups
SAMPGUserGroup116,Imported Scale User Group 116,b61a0150-75da-11eb-976b-427fae7e634f,NAC Group:NAC:IdentityGroups:User Identity Groups
SAMPGUserGroup112,Imported Scale User Group 112,b60037c0-75da-11eb-976b-427fae7e634f,NAC Group:NAC:IdentityGroups:User Identity Groups
Employee,Default Employee User Group,a1740510-8c01-11e6-996c-525400b48521,NAC Group:NAC:IdentityGroups:User Identity Groups
SAMPGUserGroup162,Imported Scale User Group 162,b75b0cd0-75da-11eb-976b-427fae7e634f,NAC Group:NAC:IdentityGroups:User Identity Groups
SAMPGUserGroup156,Imported Scale User Group 156,b7336090-75da-11eb-976b-427fae7e634f,NAC Group:NAC:IdentityGroups:User Identity Groups
SAMPGUserGroup128,Imported Scale User Group 128,b66c4000-75da-11eb-976b-427fae7e634f,NAC Group:NAC:IdentityGroups:User Identity Groups
SAMPGUserGroup134,Imported Scale User Group 134,b69bb470-75da-11eb-976b-427fae7e634f,NAC Group:NAC:IdentityGroups:User Identity Groups
SAMPGUserGroup158,Imported Scale User Group 158,b73e8420-75da-11eb-976b-427fae7e634f,NAC Group:NAC:IdentityGroups:User Identity Groups
SAMPGUserGroup125,Imported Scale User Group 125,b6597b50-75da-11eb-976b-427fae7e634f,NAC Group:NAC:IdentityGroups:User Identity Groups
SAMPGUserGroup150,Imported Scale User Group 150,b70ec190-75da-11eb-976b-427fae7e634f,NAC Group:NAC:IdentityGroups:User Identity Groups
SAMPGUserGroup178,Imported Scale User Group 178,b7c51940-75da-11eb-976b-427fae7e634f,NAC Group:NAC:IdentityGroups:User Identity Groups
SAMPGUserGroup0,Imported Scale User Group 0,b5869af0-75da-11eb-976b-427fae7e634f,NAC Group:NAC:IdentityGroups:User Identity Groups
SAMPGUserGroup10,Imported Scale User Group 10,b59e1a90-75da-11eb-976b-427fae7e634f,NAC Group:NAC:IdentityGroups:User Identity Groups
SAMPGUserGroup129,Imported Scale User Group 129,b6725a80-75da-11eb-976b-427fae7e634f,NAC Group:NAC:IdentityGroups:User Identity Groups
GuestType_SocialLogin (default),Identity group mirroring the guest type ,4179be30-2e02-11e8-ba71-005056872c7f,NAC Group:NAC:IdentityGroups:User Identity Groups
SAMPGUserGroup108,Imported Scale User Group 108,b5daae60-75da-11eb-976b-427fae7e634f,NAC Group:NAC:IdentityGroups:User Identity Groups
SAMPGUserGroup153,Imported Scale User Group 153,b7213820-75da-11eb-976b-427fae7e634f,NAC Group:NAC:IdentityGroups:User Identity Groups
SAMPGUserGroup175,Imported Scale User Group 175,b7b14320-75da-11eb-976b-427fae7e634f,NAC Group:NAC:IdentityGroups:User Identity Groups
SAMPGUserGroup149,Imported Scale User Group 149,b702b3a0-75da-11eb-976b-427fae7e634f,NAC Group:NAC:IdentityGroups:User Identity Groups
GuestType_Daily (default),Identity group mirroring the guest type ,9eee92b0-8c01-11e6-996c-525400b48521,NAC Group:NAC:IdentityGroups:User Identity Groups
GuestType_Contractor (default),Identity group mirroring the guest type ,9f048bb0-8c01-11e6-996c-525400b48521,NAC Group:NAC:IdentityGroups:User Identity Groups
SAMPGUserGroup14,Imported Scale User Group 14,b6c360b0-75da-11eb-976b-427fae7e634f,NAC Group:NAC:IdentityGroups:User Identity Groups
SAMPGUserGroup143,Imported Scale User Group 143,b6dd2a40-75da-11eb-976b-427fae7e634f,NAC Group:NAC:IdentityGroups:User Identity Groups
SAMPGUserGroup160,Imported Scale User Group 160,b74f25f0-75da-11eb-976b-427fae7e634f,NAC Group:NAC:IdentityGroups:User Identity Groups
SAMPGUserGroup105,Imported Scale User Group 105,b5c8ad00-75da-11eb-976b-427fae7e634f,NAC Group:NAC:IdentityGroups:User Identity Groups
SAMPGUserGroup104,Imported Scale User Group 104,b5c26b70-75da-11eb-976b-427fae7e634f,NAC Group:NAC:IdentityGroups:User Identity Groups
SAMPGUserGroup121,Imported Scale User Group 121,b63fffe0-75da-11eb-976b-427fae7e634f,NAC Group:NAC:IdentityGroups:User Identity Groups
SAMPGUserGroup142,Imported Scale User Group 142,b6d67380-75da-11eb-976b-427fae7e634f,NAC Group:NAC:IdentityGroups:User Identity Groups
SAMPGUserGroup140,Imported Scale User Group 140,b6c9c950-75da-11eb-976b-427fae7e634f,NAC Group:NAC:IdentityGroups:User Identity Groups
SAMPGUserGroup171,Imported Scale User Group 171,b797a0a0-75da-11eb-976b-427fae7e634f,NAC Group:NAC:IdentityGroups:User Identity Groups
SAMPGUserGroup246,Imported Scale User Group 246,b9bb9210-75da-11eb-976b-427fae7e634f,NAC Group:NAC:IdentityGroups:User Identity Groups
SAMPGUserGroup208,Imported Scale User Group 208,b8abcfc0-75da-11eb-976b-427fae7e634f,NAC Group:NAC:IdentityGroups:User Identity Groups
SAMPGUserGroup185,Imported Scale User Group 185,b7fc7cf0-75da-11eb-976b-427fae7e634f,NAC Group:NAC:IdentityGroups:User Identity Groups
SAMPGUserGroup211,Imported Scale User Group 211,b8c6f8e0-75da-11eb-976b-427fae7e634f,NAC Group:NAC:IdentityGroups:User Identity Groups
SAMPGUserGroup232,Imported Scale User Group 232,b95e2fd0-75da-11eb-976b-427fae7e634f,NAC Group:NAC:IdentityGroups:User Identity Groups
SAMPGUserGroup184,Imported Scale User Group 184,b7f6b090-75da-11eb-976b-427fae7e634f,NAC Group:NAC:IdentityGroups:User Identity Groups
SAMPGUserGroup245,Imported Scale User Group 245,b9b55080-75da-11eb-976b-427fae7e634f,NAC Group:NAC:IdentityGroups:User Identity Groups
SAMPGUserGroup239,Imported Scale User Group 239,b9895e80-75da-11eb-976b-427fae7e634f,NAC Group:NAC:IdentityGroups:User Identity Groups
SAMPGUserGroup19,Imported Scale User Group 19,b81bc4c0-75da-11eb-976b-427fae7e634f,NAC Group:NAC:IdentityGroups:User Identity Groups
SAMPGUserGroup201,Imported Scale User Group 201,b878d8e0-75da-11eb-976b-427fae7e634f,NAC Group:NAC:IdentityGroups:User Identity Groups
SAMPGUserGroup27,Imported Scale User Group 27,ba658db0-75da-11eb-976b-427fae7e634f,NAC Group:NAC:IdentityGroups:User Identity Groups
SAMPGUserGroup223,Imported Scale User Group 223,b91edce0-75da-11eb-976b-427fae7e634f,NAC Group:NAC:IdentityGroups:User Identity Groups
SAMPGUserGroup24,Imported Scale User Group 24,b98f7900-75da-11eb-976b-427fae7e634f,NAC Group:NAC:IdentityGroups:User Identity Groups
SAMPGUserGroup22,Imported Scale User Group 22,b90169d0-75da-11eb-976b-427fae7e634f,NAC Group:NAC:IdentityGroups:User Identity Groups
SAMPGUserGroup250,Imported Scale User Group 250,b9db9d30-75da-11eb-976b-427fae7e634f,NAC Group:NAC:IdentityGroups:User Identity Groups
SAMPGUserGroup194,Imported Scale User Group 194,b83ce150-75da-11eb-976b-427fae7e634f,NAC Group:NAC:IdentityGroups:User Identity Groups
SAMPGUserGroup222,Imported Scale User Group 222,b9184d30-75da-11eb-976b-427fae7e634f,NAC Group:NAC:IdentityGroups:User Identity Groups
SAMPGUserGroup220,Imported Scale User Group 220,b909f550-75da-11eb-976b-427fae7e634f,NAC Group:NAC:IdentityGroups:User Identity Groups
SAMPGUserGroup257,Imported Scale User Group 257,ba082b70-75da-11eb-976b-427fae7e634f,NAC Group:NAC:IdentityGroups:User Identity Groups
SAMPGUserGroup268,Imported Scale User Group 268,ba582030-75da-11eb-976b-427fae7e634f,NAC Group:NAC:IdentityGroups:User Identity Groups
SAMPGUserGroup227,Imported Scale User Group 227,b9391ba0-75da-11eb-976b-427fae7e634f,NAC Group:NAC:IdentityGroups:User Identity Groups
SAMPGUserGroup207,Imported Scale User Group 207,b8a40790-75da-11eb-976b-427fae7e634f,NAC Group:NAC:IdentityGroups:User Identity Groups
SAMPGUserGroup253,Imported Scale User Group 253,b9ee88f0-75da-11eb-976b-427fae7e634f,NAC Group:NAC:IdentityGroups:User Identity Groups
SAMPGUserGroup254,Imported Scale User Group 254,b9f4a370-75da-11eb-976b-427fae7e634f,NAC Group:NAC:IdentityGroups:User Identity Groups
SAMPGUserGroup209,Imported Scale User Group 209,b8b2d4a0-75da-11eb-976b-427fae7e634f,NAC Group:NAC:IdentityGroups:User Identity Groups
SAMPGUserGroup259,Imported Scale User Group 259,ba146070-75da-11eb-976b-427fae7e634f,NAC Group:NAC:IdentityGroups:User Identity Groups
SAMPGUserGroup20,Imported Scale User Group 20,b86bb980-75da-11eb-976b-427fae7e634f,NAC Group:NAC:IdentityGroups:User Identity Groups
SAMPGUserGroup202,Imported Scale User Group 202,b87f4180-75da-11eb-976b-427fae7e634f,NAC Group:NAC:IdentityGroups:User Identity Groups
SAMPGUserGroup183,Imported Scale User Group 183,b7f0e430-75da-11eb-976b-427fae7e634f,NAC Group:NAC:IdentityGroups:User Identity Groups
SAMPGUserGroup269,Imported Scale User Group 269,ba5efe00-75da-11eb-976b-427fae7e634f,NAC Group:NAC:IdentityGroups:User Identity Groups
SAMPGUserGroup189,Imported Scale User Group 189,b815d150-75da-11eb-976b-427fae7e634f,NAC Group:NAC:IdentityGroups:User Identity Groups
SAMPGUserGroup218,Imported Scale User Group 218,b8f3ae30-75da-11eb-976b-427fae7e634f,NAC Group:NAC:IdentityGroups:User Identity Groups
SAMPGUserGroup265,Imported Scale User Group 265,ba44e650-75da-11eb-976b-427fae7e634f,NAC Group:NAC:IdentityGroups:User Identity Groups
SAMPGUserGroup258,Imported Scale User Group 258,ba0e45f0-75da-11eb-976b-427fae7e634f,NAC Group:NAC:IdentityGroups:User Identity Groups
SAMPGUserGroup23,Imported Scale User Group 23,b94c5580-75da-11eb-976b-427fae7e634f,NAC Group:NAC:IdentityGroups:User Identity Groups
SAMPGUserGroup214,Imported Scale User Group 214,b8d9bd90-75da-11eb-976b-427fae7e634f,NAC Group:NAC:IdentityGroups:User Identity Groups
SAMPGUserGroup205,Imported Scale User Group 205,b895fdd0-75da-11eb-976b-427fae7e634f,NAC Group:NAC:IdentityGroups:User Identity Groups
SAMPGUserGroup263,Imported Scale User Group 263,ba38d860-75da-11eb-976b-427fae7e634f,NAC Group:NAC:IdentityGroups:User Identity Groups
SAMPGUserGroup241,Imported Scale User Group 241,b99bfc20-75da-11eb-976b-427fae7e634f,NAC Group:NAC:IdentityGroups:User Identity Groups
SAMPGUserGroup193,Imported Scale User Group 193,b83678b0-75da-11eb-976b-427fae7e634f,NAC Group:NAC:IdentityGroups:User Identity Groups
SAMPGUserGroup237,Imported Scale User Group 237,b97d2980-75da-11eb-976b-427fae7e634f,NAC Group:NAC:IdentityGroups:User Identity Groups
SAMPGUserGroup197,Imported Scale User Group 197,b8510590-75da-11eb-976b-427fae7e634f,NAC Group:NAC:IdentityGroups:User Identity Groups
SAMPGUserGroup266,Imported Scale User Group 266,ba4b00d0-75da-11eb-976b-427fae7e634f,NAC Group:NAC:IdentityGroups:User Identity Groups
SAMPGUserGroup206,Imported Scale User Group 206,b89d77e0-75da-11eb-976b-427fae7e634f,NAC Group:NAC:IdentityGroups:User Identity Groups
SAMPGUserGroup195,Imported Scale User Group 195,b842d4c0-75da-11eb-976b-427fae7e634f,NAC Group:NAC:IdentityGroups:User Identity Groups
SAMPGUserGroup228,Imported Scale User Group 228,b93f8440-75da-11eb-976b-427fae7e634f,NAC Group:NAC:IdentityGroups:User Identity Groups
SAMPGUserGroup186,Imported Scale User Group 186,b8041e10-75da-11eb-976b-427fae7e634f,NAC Group:NAC:IdentityGroups:User Identity Groups
SAMPGUserGroup251,Imported Scale User Group 251,b9e190a0-75da-11eb-976b-427fae7e634f,NAC Group:NAC:IdentityGroups:User Identity Groups
SAMPGUserGroup244,Imported Scale User Group 244,b9aee7e0-75da-11eb-976b-427fae7e634f,NAC Group:NAC:IdentityGroups:User Identity Groups
SAMPGUserGroup240,Imported Scale User Group 240,b9959380-75da-11eb-976b-427fae7e634f,NAC Group:NAC:IdentityGroups:User Identity Groups
SAMPGUserGroup248,Imported Scale User Group 248,b9c7ee20-75da-11eb-976b-427fae7e634f,NAC Group:NAC:IdentityGroups:User Identity Groups
SAMPGUserGroup2,Imported Scale User Group 2,b86577f0-75da-11eb-976b-427fae7e634f,NAC Group:NAC:IdentityGroups:User Identity Groups
SAMPGUserGroup230,Imported Scale User Group 230,b95221e0-75da-11eb-976b-427fae7e634f,NAC Group:NAC:IdentityGroups:User Identity Groups
SAMPGUserGroup243,Imported Scale User Group 243,b9a85830-75da-11eb-976b-427fae7e634f,NAC Group:NAC:IdentityGroups:User Identity Groups
SAMPGUserGroup210,Imported Scale User Group 210,b8c0b750-75da-11eb-976b-427fae7e634f,NAC Group:NAC:IdentityGroups:User Identity Groups
SAMPGUserGroup212,Imported Scale User Group 212,b8cdd6b0-75da-11eb-976b-427fae7e634f,NAC Group:NAC:IdentityGroups:User Identity Groups
SAMPGUserGroup235,Imported Scale User Group 235,b970a660-75da-11eb-976b-427fae7e634f,NAC Group:NAC:IdentityGroups:User Identity Groups
SAMPGUserGroup190,Imported Scale User Group 190,b8216a10-75da-11eb-976b-427fae7e634f,NAC Group:NAC:IdentityGroups:User Identity Groups
SAMPGUserGroup249,Imported Scale User Group 249,b9cf6830-75da-11eb-976b-427fae7e634f,NAC Group:NAC:IdentityGroups:User Identity Groups
SAMPGUserGroup260,Imported Scale User Group 260,ba2417e0-75da-11eb-976b-427fae7e634f,NAC Group:NAC:IdentityGroups:User Identity Groups
SAMPGUserGroup196,Imported Scale User Group 196,b84b3930-75da-11eb-976b-427fae7e634f,NAC Group:NAC:IdentityGroups:User Identity Groups
SAMPGUserGroup234,Imported Scale User Group 234,b96a3dc0-75da-11eb-976b-427fae7e634f,NAC Group:NAC:IdentityGroups:User Identity Groups
SAMPGUserGroup181,Imported Scale User Group 181,b7e32890-75da-11eb-976b-427fae7e634f,NAC Group:NAC:IdentityGroups:User Identity Groups
SAMPGUserGroup262,Imported Scale User Group 262,ba32e4f0-75da-11eb-976b-427fae7e634f,NAC Group:NAC:IdentityGroups:User Identity Groups
SAMPGUserGroup252,Imported Scale User Group 252,b9e75d00-75da-11eb-976b-427fae7e634f,NAC Group:NAC:IdentityGroups:User Identity Groups
SAMPGUserGroup187,Imported Scale User Group 187,b80a3890-75da-11eb-976b-427fae7e634f,NAC Group:NAC:IdentityGroups:User Identity Groups
SAMPGUserGroup216,Imported Scale User Group 216,b8e75220-75da-11eb-976b-427fae7e634f,NAC Group:NAC:IdentityGroups:User Identity Groups
SAMPGUserGroup192,Imported Scale User Group 192,b82eb080-75da-11eb-976b-427fae7e634f,NAC Group:NAC:IdentityGroups:User Identity Groups
SAMPGUserGroup199,Imported Scale User Group 199,b85f0f50-75da-11eb-976b-427fae7e634f,NAC Group:NAC:IdentityGroups:User Identity Groups
SAMPGUserGroup226,Imported Scale User Group 226,b9328bf0-75da-11eb-976b-427fae7e634f,NAC Group:NAC:IdentityGroups:User Identity Groups
SAMPGUserGroup204,Imported Scale User Group 204,b88fbc40-75da-11eb-976b-427fae7e634f,NAC Group:NAC:IdentityGroups:User Identity Groups
SAMPGUserGroup198,Imported Scale User Group 198,b8587fa0-75da-11eb-976b-427fae7e634f,NAC Group:NAC:IdentityGroups:User Identity Groups
SAMPGUserGroup188,Imported Scale User Group 188,b8102c00-75da-11eb-976b-427fae7e634f,NAC Group:NAC:IdentityGroups:User Identity Groups
SAMPGUserGroup233,Imported Scale User Group 233,b9644a50-75da-11eb-976b-427fae7e634f,NAC Group:NAC:IdentityGroups:User Identity Groups
SAMPGUserGroup182,Imported Scale User Group 182,b7eac9b0-75da-11eb-976b-427fae7e634f,NAC Group:NAC:IdentityGroups:User Identity Groups
SAMPGUserGroup219,Imported Scale User Group 219,b8fa64f0-75da-11eb-976b-427fae7e634f,NAC Group:NAC:IdentityGroups:User Identity Groups
SAMPGUserGroup217,Imported Scale User Group 217,b8ed6ca0-75da-11eb-976b-427fae7e634f,NAC Group:NAC:IdentityGroups:User Identity Groups
SAMPGUserGroup247,Imported Scale User Group 247,b9c1d3a0-75da-11eb-976b-427fae7e634f,NAC Group:NAC:IdentityGroups:User Identity Groups
SAMPGUserGroup236,Imported Scale User Group 236,b97699d0-75da-11eb-976b-427fae7e634f,NAC Group:NAC:IdentityGroups:User Identity Groups
SAMPGUserGroup221,Imported Scale User Group 221,b910d320-75da-11eb-976b-427fae7e634f,NAC Group:NAC:IdentityGroups:User Identity Groups
SAMPGUserGroup255,Imported Scale User Group 255,b9fabdf0-75da-11eb-976b-427fae7e634f,NAC Group:NAC:IdentityGroups:User Identity Groups
SAMPGUserGroup256,Imported Scale User Group 256,ba01e9e0-75da-11eb-976b-427fae7e634f,NAC Group:NAC:IdentityGroups:User Identity Groups
SAMPGUserGroup26,Imported Scale User Group 26,ba1a7af0-75da-11eb-976b-427fae7e634f,NAC Group:NAC:IdentityGroups:User Identity Groups
SAMPGUserGroup264,Imported Scale User Group 264,ba3ea4c0-75da-11eb-976b-427fae7e634f,NAC Group:NAC:IdentityGroups:User Identity Groups
SAMPGUserGroup203,Imported Scale User Group 203,b88534f0-75da-11eb-976b-427fae7e634f,NAC Group:NAC:IdentityGroups:User Identity Groups
SAMPGUserGroup224,Imported Scale User Group 224,b92593a0-75da-11eb-976b-427fae7e634f,NAC Group:NAC:IdentityGroups:User Identity Groups
SAMPGUserGroup229,Imported Scale User Group 229,b9459ec0-75da-11eb-976b-427fae7e634f,NAC Group:NAC:IdentityGroups:User Identity Groups
SAMPGUserGroup25,Imported Scale User Group 25,b9d5d0d0-75da-11eb-976b-427fae7e634f,NAC Group:NAC:IdentityGroups:User Identity Groups
SAMPGUserGroup200,Imported Scale User Group 200,b8724930-75da-11eb-976b-427fae7e634f,NAC Group:NAC:IdentityGroups:User Identity Groups
SAMPGUserGroup242,Imported Scale User Group 242,b9a216a0-75da-11eb-976b-427fae7e634f,NAC Group:NAC:IdentityGroups:User Identity Groups
SAMPGUserGroup267,Imported Scale User Group 267,ba50f440-75da-11eb-976b-427fae7e634f,NAC Group:NAC:IdentityGroups:User Identity Groups
SAMPGUserGroup238,Imported Scale User Group 238,b982f5e0-75da-11eb-976b-427fae7e634f,NAC Group:NAC:IdentityGroups:User Identity Groups
SAMPGUserGroup21,Imported Scale User Group 21,b8ba9cd0-75da-11eb-976b-427fae7e634f,NAC Group:NAC:IdentityGroups:User Identity Groups
SAMPGUserGroup191,Imported Scale User Group 191,b827aba0-75da-11eb-976b-427fae7e634f,NAC Group:NAC:IdentityGroups:User Identity Groups
SAMPGUserGroup231,Imported Scale User Group 231,b9583c60-75da-11eb-976b-427fae7e634f,NAC Group:NAC:IdentityGroups:User Identity Groups
SAMPGUserGroup261,Imported Scale User Group 261,ba2b1cc0-75da-11eb-976b-427fae7e634f,NAC Group:NAC:IdentityGroups:User Identity Groups
SAMPGUserGroup180,Imported Scale User Group 180,b7dac420-75da-11eb-976b-427fae7e634f,NAC Group:NAC:IdentityGroups:User Identity Groups
SAMPGUserGroup213,Imported Scale User Group 213,b8d3ca20-75da-11eb-976b-427fae7e634f,NAC Group:NAC:IdentityGroups:User Identity Groups
SAMPGUserGroup215,Imported Scale User Group 215,b8e04d40-75da-11eb-976b-427fae7e634f,NAC Group:NAC:IdentityGroups:User Identity Groups
SAMPGUserGroup225,Imported Scale User Group 225,b92c7170-75da-11eb-976b-427fae7e634f,NAC Group:NAC:IdentityGroups:User Identity Groups